2;LF;ABB;ABBEVILLE;N50080650;E001511690;;;W0020;WGE;LFFF;LFFF;;;00220;ABB;N50080650;E001511690;10845;494;;2
3;EG;ADN;ABERDEEN;N57183762;W002160195;;;W0046;WGE;EGPX;EGPX;;;00600;ADN;N57183762;W002160195;11430;524;;2
4;EB;AFI;AFFLIGEM;N50542761;E004082029;;;W0020;WGE;EBBU;EBUR;;;00284;AFI;N50542761;E004082029;11490;246;;2
6;LG;AGH;NEA ANGHIALOS;N39130200;E022473300;;;E0023;;LGGG;LGGG;;;00082;AGH;N39130200;E022473300;11040;212;;0
7;LF;AGN;AGEN-GAUDONVILLE;N43531690;E000522230;;;W0019;WGE;LFBB;LFFF;;;00896;AGN;N43531690;E000522230;11480;371;;2
9;LF;AJO;AJACCIO-COTI CHIAVARI;N41461390;E008462880;;;E0000;WGE;LFMM;LFFF;;;02142;AJO;N41461230;E008462810;11480;327;;2
10;BI;AKI;AKUREYRI;N65453500;W018001500;;;W0170;WGE;BIRD;BIRD;;;02053;AKI;N65453500;W018001500;11360;;;2
12;ED;ALB;ALLERSBERG;N49125174;E011131717;;;E0010;WGE;EDMM;EDUU;;;01446;ALB;N49125174;E011131717;11120;237;;2
13;LI;ALB;ALBENGA;N44025341;E008073942;;;E0007;WGE;LIMM;LIMM;;;00136;ALB;N44025381;E008073940;11695;356;;1
18;LE;ALT;ALICANTE;N38160581;W000341241;;;W0014;WGE;LECB;LECB;;;00166;ALT;N38160595;W000341222;11380;433;;1
19;LG;ALX;ALEXANDROUPOLIS;N40511800;E025572600;;;E0029;;LGGG;LGGG;;;00026;ALX;N40511800;E025572600;11380;;;2
20;LF;AMB;AMBOISE;N47254400;E001035190;;;W0025;WGE;LFFF;LFFF;;;00387;AMB;N47254400;E001035190;11370;346;;2
21;LE;AMR;ALMERIA;N36495940;W002153392;;;W0018;WGE;LECM;LECM;;;00233;AMR;N36495915;W002153397;11410;385;;2
22;EH;AMS;AMSTERDAM;N52195751;E004422037;;;W0009;WGE;EHAA;EHAA;;;-11;AMS;N52195751;E004422037;11395;184;;2
23;LI;ANC;ANCONA;N43351120;E013281600;;;E0019;WGE;LIMM;LIMM;;;00842;ANC;N43351120;E013281600;11065;;;2
24;EN;AND;ANDOYA;N69171618;E016082897;;;E0040;WGE;ENOR;ENOR;;;00059;AND;N69171618;E016082897;11220;;;2
26;EB;ANT;ANTWERPEN;N51112574;E004282130;;;W0017;WGE;EBBU;EBUR;;;00078;ANT;N51112574;E004282130;11350;186;;1
27;EF;ANT;ANTON;N60514683;E025073655;;;E0061;WGE;EFES;EFES;;;00314;ANT;N60514683;E025073655;11370;241;;2
29;LG;ARA;ARAXOS;N38063500;E021253100;;;E0021;;LGGG;LGGG;;;00082;ARA;N38063500;E021253100;11270;000;;2
30;LR;ARD;ARAD;N46110266;E021083704;;;E0027;WGE;LRBB;LRBB;;;00479;ARD;N46110266;E021083704;10900;;;3
32;ES;ARL;ARLANDA;N59391240;E017545190;;;E0040;WGE;ESAA;ESAA;;;00141;ARL;N59391240;E017545190;11600;;;2
33;ES;ARS;AROS;N59351030;E016390140;;;E0035;WGE;ESAA;ESAA;;;00050;ARS;N59351030;E016390140;11280;273;;2
35;EN;ATA;ALTA;N69583929;E023221854;;;E0068;WGE;ENOR;ENOR;;;00032;ATA;N69583929;E023221854;11740;541;;2
36;LE;ATE;ALICANTE;N38171009;W000351176;;;W0014;WGE;LECB;LECB;;;00192;ATE;N38170986;W000351182;11465;442;;0
37;LF;ATN;AUTUN;N46482140;E004153290;;;W0014;WGE;LFFF;LFFF;;;00686;ATN;N46481970;E004153380;11490;246;;2
38;LG;ATV;ATHENS;N37531924;E023481619;;;E0030;;LGGG;LGGG;;;00051;ATV;N37531924;E023481619;11440;004;;2
42;LE;AVS;ASTURIAS-VOR;N43335253;W006015041;;;W0035;WGE;LECM;LECM;;;00440;AVS;N43335257;W006015069;11240;347;;2
43;LF;AZR;NICE;N43393500;E007132790;;;E0001;WGE;LFMM;LFFF;;;00013;AZR;N43393500;E007132790;10965;392;;1
44;ES;BAK;BACKA;N57331860;E011583670;;;E0015;WGE;ESAA;ESAA;;;00301;BAK;N57331860;E011583670;11270;383;;2
45;EI;BAL;BALDONELL;N53175962;W006265200;;;W0058;WGE;EISN;EISN;;;00300;BAL;N53175962;W006265200;11580;352;;1
47;LE;BAN;BARAHONA;N41192483;W002374725;;;W0021;WGE;LECM;LECM;;;03701;BAN;N41192454;W002374761;11280;359;;2
49;LI;BAR;BARI;N41083934;E016463522;;;E0022;WGE;LIBB;LIBB;;;00109;BAR;N41083934;E016463522;11640;282;;2
50;ED;BAY;BAYREUTH;N49590655;E011381201;;;E0020;WGE;EDFF;EDUU;;;01625;BAY;N49590868;E011381704;11060;269;;2
52;LE;BBI;SALAMANCA;N41010051;W005272320;;;W0030;WGE;LECM;LECM;;;02982;BBI;N41010042;W005272352;11220;395;;2
54;EN;BBU;BRANDBU;N60281837;E010201990;;;W0004;WGE;ENOR;ENOR;;;02148;BBU;N60281837;E010201990;11275;;;2
55;EG;BCN;BRECON;N51433200;W003154700;;;W0038;WGE;EGTT;EGTT;;;01450;BCN;N51433200;W003154700;11745;449;;2
56;LE;BCN;BARCELONA;N41182564;E002062811;;;W0008;WGE;LECB;LECB;;;00023;BCN;N41182584;E002062870;11670;315;;2
57;LR;BCU;BACAU;N46303930;E026493196;;;E0040;WGE;LRBB;LRBB;;;01844;BCU;N46303930;E026493196;10940;417;;3
58;EN;BDF;BARDUFOSS;N69035336;E018275812;;;E0050;WGE;ENOR;ENOR;;;00598;BDF;N69035336;E018275812;11420;551;;2
60;EN;BDO;BODO;N67160011;E014215348;;;E0030;WGE;ENOR;ENOR;;;00099;BDO;N67160011;E014215348;11755;;;2
63;EG;BEL;BELFAST;N54394012;W006134766;;;W0057;WGE;EGPX;EGPX;;;00194;BEL;N54394012;W006134766;11720;462;;2
64;EG;BEN;BENBECULA;N57284057;W007215508;;;W0071;WGE;EGPX;EGPX;;;00036;BEN;N57284057;W007215508;11395;519;;2
65;LY;BEO;BEOGRAD;N44482530;E020200580;;;E0025;WGE;LYBA;LYBA;;;00331;BEO;N44482530;E020200580;11230;406;;2
67;LE;BGR;BAGUR;N41565167;E003123189;;;W0005;WGE;LECB;LECB;;;01050;BGR;N41565150;E003123189;11220;387;;2
68;LB;BGS;BURGAS;N42341580;E027311152;;;E0040;;LBWR;LBWR;;;00144;BGS;N42341580;E027311152;11200;304;;2
70;EG;BHD;BERRY HEAD;N50235500;W003293700;;;W0036;WGE;EGTT;EGTT;;;00215;BHD;N50235500;W003293700;11205;331;;2
71;EG;BIG;BIGGIN;N51195115;E000020532;;;W0024;WGE;EGTT;EGTT;;;00590;BIG;N51195115;E000020532;11510;377;;2
72;ED;BKD;BRUENKENDORF;N53020428;E011324638;;;E0011;WGE;EDBB;EDBB;;;00092;BKD;N53020428;E011324638;11770;410;;2
73;LH;BKS;BEKES;N46475991;E021042596;;;E0028;WGE;LHCC;LHCC;;;00312;BKS;N46475991;E021042596;11580;431;;1
74;EG;BKY;BARKWAY;N51592300;E000034300;;;W0025;WGE;EGTT;EGTT;;;00486;BKY;N51592300;E000034300;11625;566;;2
77;LY;BLC;BLACE;N43145530;E021214190;;;E0032;WGE;LYBA;LYBA;;;01161;BLC;N43145530;E021214190;11610;579;;2
78;LF;BLM;BALE MULHOUSE;N47375810;E007295820;;;E0000;WGE;LFEE;LFFF;;;00886;BLM;N47375810;E007295820;11745;328;;1
79;LE;BLN;BAILEN;N38090906;W003373004;;;W0031;WGE;LECM;LECM;;;01775;BLN;N38090906;W003373024;11620;474;;2
80;LB;BLO;BAILOVO;N42400300;E023484600;;;E0028;;LBSR;LBSR;;;03051;BLO;N42400300;E023484600;11750;285;;1
81;LE;BLV;BILBAO;N43181577;W002560916;;;W0040;WGE;LECM;LECM;;;00142;BLV;N43181577;W002560916;11590;424;;2
82;LF;BMC;BORDEAUX MERIGNAC;N44493700;W000431600;;;W0020;WGE;LFBB;LFFF;;;00210;BMC;N44493700;W000431600;11375;414;;2
83;ED;BMN;BREMEN;N53023858;E008465570;;;E0000;WGE;EDWW;EDVV;;;00040;BMN;N53023858;E008465570;11745;329;;1
84;EN;BNA;BANAK;N70103455;E024565425;;;E0080;WGE;ENOR;ENOR;;;00103;BNA;N70103455;E024565425;11440;270;;2
87;EG;BNN;BOVINGDON;N51433400;W000325900;;;W0027;WGE;EGTT;EGTT;;;00500;BNN;N51433400;W000325900;11375;414;;2
88;EN;BNN;BRONNOY;N65272539;E012125163;;;E0002;WGE;ENOR;ENOR;;;00068;BNN;N65272539;E012125163;11530;;;2
89;LK;BNO;BRNO;N49090023;E016413329;;;E0019;WGE;LKAA;LKAA;;;00800;BNO;N49090023;E016413329;11390;000;;2
90;LI;BOA;BOLOGNA;N44321330;E011172638;;;E0014;WGE;LIMM;LIMM;;;00156;BOA;N44321330;E011172638;11220;273;;1
93;ES;BOR;BORLANGE;N60251740;E015310910;;;E0030;WGE;ESAA;ESAA;;;00518;BOR;N60251740;E015310910;11760;;;2
94;EG;BPK;BROOKMANS PARK;N51445905;W000062425;;;W0026;WGE;EGTT;EGTT;;;00382;BPK;N51445905;W000062425;11750;272;;2
95;LE;BRA;BARAJAS(MADRID);N40280885;W003332713;;;W0040;WGE;LECM;LECM;;;01962;BRA;N40280850;W003332759;11645;;;1
97;LR;BRV;BRASOV;N45340318;E025335285;;;E0035;WGE;LRBB;LRBB;;;05994;BRV;N45340318;E025335285;11760;439;;3
98;LF;BRY;BRAY SUR SEINE;N48242520;E003174120;;;W0020;WGE;LFFF;LFFF;;;00289;BRY;N48242520;E003174120;11410;386;;2
99;LI;BSA;MONTICHIARI;N45261692;E010185764;;;E0006;WGE;LIMM;LIMM;;;00356;BSA;N45261619;E010185731;11770;000;;0
100;LF;BSN;BOURSONNE;N49111790;E003032350;;;W0020;WGE;LFFF;LFFF;;;00632;BSN;N49111790;E003032350;11485;243;;2
102;LF;BT;PARIS LE BOURGET;N48582880;E002271860;;;W0020;WGE;LFFF;LFFF;;;00200;BT;N48582880;E002271860;10880;227;;0
103;LF;BTA;BASTIA PORETTA;N42342490;E009282940;;;E0007;WGE;LFMM;LFFF;;;00036;BTA;N42342490;E009282940;11415;486;;2
105;LF;BTZ;BIARRITZ BAYONNE ANGLET;N43275990;W001303700;;;W0025;WGE;LFBB;LFFF;;;00276;BTZ;N43275990;W001303700;11415;486;;2
106;EB;BUB;BRUSSELS;N50540839;E004321711;;;W0019;WGE;EBBU;EBUR;;;00187;BUB;N50540839;E004321711;11460;286;;2
107;LH;BUD;BUDAPEST;N47270136;E019145750;;;E0025;WGE;LHCC;LHCC;;;00509;BUD;N47270136;E019145750;11730;000;;0
108;LH;BUG;BUGAC VOR/D;N46403954;E019405424;;;E0023;WGE;LHCC;LHCC;;;00404;BUG;N46403954;E019405424;11340;333;;1
109;LY;BUI;BUDISAVCI;N42375890;E020294500;;;E0032;WGE;LYBA;LYBA;;;01575;BUI;N42375890;E020294500;11520;340;;2
110;EB;BUN;BRUNO;N51070709;E004503155;;;W0016;WGE;EBBU;EBUR;;;00070;BUN;N51070709;E004503155;11060;000;;1
114;LI;CAG;CAGLIARI;N39145640;E009031470;;;E0002;WGE;LIRR;LIRR;;;00012;CAG;N39145590;E009031430;11340;400;;0
117;LI;CAR;CARBONARA;N39064140;E009302870;;;E0003;WGE;LIRR;LIRR;;;00167;CAR;N39064060;E009303180;11510;000;;2
118;LP;CAS;CASCAIS;N38445400;W009214300;;;W0042;WGE;LPPC;LPPC;;;00350;CAS;N38445400;W009214300;11430;548;;2
119;LI;CAT;CATANIA;N37272223;E014580950;;;E0014;WGE;LIRR;LIRR;;;00217;CAT;N37272223;E014580950;11210;000;;2
120;LF;CAV;CHALONS VATRY;N48465190;E004084900;;;W0015;WGE;LFFF;LFFF;;;00561;CAV;N48465190;E004084900;11165;;;0
123;LF;CBY;CHAMBERY;N45525480;E005452630;;;W0000;WGE;LFMM;LFFF;;;04783;CBY;N45525480;E005452630;11540;323;;2
124;LE;CCS;CACERES;N39312824;W006260506;;;W0042;WGE;LECM;LECM;;;01378;CCS;N39312841;W006260486;11420;362;;2
125;EK;CDA;CODAN;N55000540;E012224516;;;E0020;WGE;EKDK;EKDK;;;00090;CDA;N55000540;E012224516;11490;324;;2
126;LE;CDB;CORDOBA;N37504533;W004504194;;;W0031;WGE;LECM;LECM;;;00325;CDB;N37504517;W004504167;11240;347;;0
130;LE;CDP;CAPDEPERA;N39415166;E003260373;;;W0010;WGE;LECB;LECB;;;00778;CDP;N39415113;E003260262;11290;491;;0
133;LF;CFA;CLERMONT FERRAND AUVERGNE;N45471490;E003113193;;;W0010;WGE;LFMM;LFFF;;;01093;CFA;N45471490;E003113193;11435;000;;2
136;LF;CGN;CHARLES DE GAULLE NORD;N49011170;E002300040;;;W0020;WGE;LFFF;LFFF;;;00392;CGN;N49011170;E002300040;11535;;;2
137;LF;CGS;CAGNES SUR MER;N43384290;E007084530;;;E0000;WGE;LFMM;LFFF;;;00000;CGS;N43384290;E007084530;10920;329;;1
140;LI;CHI;CHIOGGIA;N45041640;E012165319;;;E0010;WGE;LIMM;LIMM;;;00034;CHI;N45041640;E012165319;11410;420;;2
141;LU;CHN;CHISINAU;N46553748;E028535900;;;E0040;;LUUU;LUUU;;;00418;CHN;N46553748;E028535900;11370;523;;2
142;LF;CHW;CHARTRES LA LOUPE;N48284800;E000591340;;;W0030;WGE;LFFF;LFFF;;;00732;CHW;N48284800;E000591340;11520;408;;2
144;LE;CJN;CASTEJON;N40221906;W002324059;;;W0024;WGE;LECM;LECM;;;03501;CJN;N40221859;W002324079;11560;;;2
145;LR;CLJ;CLUJ;N46480043;E023471411;;;E0032;WGE;LRBB;LRBB;;;01673;CLJ;N46480043;E023471411;11120;416;;3
146;LF;CLM;COULOMMIERS;N48504070;E003004990;;;W0020;WGE;LFFF;LFFF;;;00486;CLM;N48504070;E003004990;11290;451;;2
147;EG;CLN;CLACTON;N51505450;E001085132;;;W0021;WGE;EGTT;EGTT;;;00100;CLN;N51505450;E001085132;11455;445;;2
149;LE;CLS;CALLES;N39422581;W000591074;;;W0020;WGE;LECB;LECB;;;01839;CLS;N39422599;W000591116;11755;;;2
150;LE;CMA;CALAMOCHA;N40520226;W001175299;;;W0020;WGE;LECM;LECM;;;03117;CMA;N40520205;W001175270;11600;200;;1
152;LI;CMP;CAMPAGNANO;N42072572;E012225329;;;E0011;WGE;LIRR;LIRR;;;01442;CMP;N42072572;E012225329;11140;397;;0
153;LF;CNA;COGNAC CHATEAUBERNARD;N45393440;W000184190;;;W0019;WGE;LFBB;LFFF;;;00135;CNA;N45393440;W000184190;11465;442;;2
154;LR;CND;CONSTANTA;N44174005;E028284629;;;E0042;WGE;LRBB;LRBB;;;00381;CND;N44174005;E028284629;11270;489;;3
156;LE;CNR;COLMENAR VIEJO;N40384552;W003440905;;;W0032;WGE;LECM;LECM;;;02690;CNR;N40384576;W003440849;11730;312;;2
158;EB;COA;COSTA;N51205283;E003211918;;;W0021;WGE;EBBU;EBUR;;;00030;COA;N51205283;E003211918;11005;311;;2
160;EI;CON;CONNAUGHT;N53544688;W008490431;;;W0072;WGE;EISN;EISN;;;00700;CON;N53544688;W008490431;11740;503;;2
161;LF;CPE;COMPIEGNE MARGNY;N49255800;E002475770;;;W0017;WGE;LFFF;LFFF;;;00000;CPE;N49255800;E002475770;10965;392;;1
162;EG;CPT;COMPTON;N51292966;W001131089;;;W0029;WGE;EGTT;EGTT;;;00498;CPT;N51292966;W001131089;11435;385;;2
163;EI;CRK;CORK;N51502619;W008293937;;;W0070;WGE;EISN;EISN;;;00500;CRK;N51502619;W008293937;11460;491;;2
166;LI;CRN;CROTONE;N38594597;E017045896;;;E0022;WGE;LIBB;LIBB;;;00521;CRN;N38594597;E017045896;11710;495;;2
167;LR;CRV;CRAIOVA;N44190696;E023552190;;;E0032;WGE;LRBB;LRBB;;;00741;CRV;N44190696;E023552190;11020;374;;2
169;LI;CSL;CASELLE;N45131100;E007385846;;;W0002;WGE;LIMM;LIMM;;;00000;CSL;N45131100;E007385846;11675;241;;1
170;LF;CTL;CHATILLON SUR MARNE;N49081590;E003343970;;;W0021;WGE;LFFF;LFFF;;;00673;CTL;N49081590;E003343970;11760;212;;2
173;EP;CZE;CZEMPIN;N52075021;E016433768;;;E0019;WGE;EPWW;EPWW;;;00295;CZE;N52075021;E016433768;11450;529;;2
175;EP;DAR;DARLOWO;N54243674;E016231710;;;E0019;WGE;EPWW;EPWW;;;00098;DAR;N54243674;E016231710;11420;000;;2
176;LD;DBK;DUBROVNIK;N42331382;E018163876;;;E0021;WGE;LDZO;LDZO;;;00547;DBK;N42331382;E018163876;11540;000;;2
177;EG;DCS;DEAN CROSS;N54431900;W003202600;;;W0045;WGE;EGTT;EGTT;;;00700;DCS;N54431900;W003202600;11520;408;;2
178;LG;DDM;DIDIMON;N37283961;E023130181;;;E0023;;LGGG;LGGG;;;03655;DDM;N37283961;E023130181;11720;000;;2
180;LQ;DER;DERVENTA;N44590290;E017581000;;;E0020;WGE;LQSB;LQSB;;;00401;DER;N44590290;E017581000;11240;415;;2
181;EG;DET;DETLING;N51181441;E000355019;;;W0022;WGE;EGTT;EGTT;;;00645;DET;N51181441;E000355019;11730;273;;2
183;LE;DGO;DOMINGO;N42271190;W002525054;;;W0026;WGE;LECM;LECM;;;02126;DGO;N42271230;W002525013;11260;000;;2
186;EB;DIK;DIEKIRCH;N49514096;E006074671;;;W0009;WGE;EBBU;EBUR;;;01109;DIK;N49514096;E006074671;11440;317;;2
187;LF;DIN;DINARD PLEURTUIT SAINT MALO;N48350980;W002045640;;;W0030;WGE;LFRR;LFFF;;;00213;DIN;N48350980;W002045640;11430;426;;2
188;LF;DJL;DIJON LONGVIC;N47161482;E005055038;;;W0006;WGE;LFEE;LFFF;;;00768;DJL;N47161482;E005055038;11145;000;;2
189;ED;DKB;DINKELSBUHL;N49083391;E010141790;;;E0010;WGE;EDFF;EDUU;;;01790;DKB;N49083391;E010141790;11780;274;;2
191;ED;DLE;LEINE;N52150116;E009530059;;;E0010;WGE;EDWW;EDVV;;;00398;DLE;N52150116;E009530059;11520;276;;2
196;LJ;DOL;DOLSKO;N46050290;E014464287;;;E0014;WGE;LJLA;LJLA;;;02047;DOL;N46050290;E014464287;11270;440;;2
197;ED;DOM;DORTMUND;N51423431;E007351367;;;E0000;WGE;EDLL;EDVV;;;00298;DOM;N51423431;E007351367;11270;383;;2
199;ED;DOR;WICKEDE;N51313123;E007375182;;;E0000;WGE;EDLL;EDVV;;;00373;DOR;N51313123;E007375182;10865;;;1
201;EN;DRA;DRAMMEN;N59435972;E010064485;;;W0005;WGE;ENOR;ENOR;;;01398;DRA;N59435972;E010064485;11480;517;;2
202;EP;DRE;DENKO;N52490066;E015495697;;;E0016;WGE;EPWW;EPWW;;;00118;DRE;N52490066;E015495697;11530;165;;2
203;ED;DRN;DRESDEN;N51005597;E013355600;;;E0020;WGE;EDBB;EDBB;;;01086;DRN;N51005597;E013355600;11435;520;;1
204;EG;DTY;DAVENTRY;N52104900;W001065000;;;W0030;WGE;EGTT;EGTT;;;00600;DTY;N52104900;W001065000;11640;228;;2
205;EI;DUB;DUBLIN;N53295775;W006182559;;;W0057;WGE;EISN;EISN;;;00200;DUB;N53295775;W006182559;11490;415;;2
206;ED;DUS;DUESSELDORF;N51165948;E006451342;;;W0000;WGE;EDLL;EDVV;;;00151;DUS;N51165948;E006451342;11515;258;;1
207;LR;DVA;DEVA;N45494085;E022580809;;;E0031;WGE;LRBB;LRBB;;;00951;DVA;N45494085;E022580809;10980;435;;2
209;EG;DVR;DOVER;N51094500;E001213300;;;W0019;WGE;EGTT;EGTT;;;00315;DVR;N51094500;E001213300;11495;;;2
210;LC;ECN;ERCAN;N35085600;E033295900;;;E0032;WGE;LCCC;LCCC;;;00459;ECN;N35085600;E033295900;11700;;;0
211;EH;EEL;EELDE;N53095006;E006400003;;;W0003;WGE;EHAA;EHAA;;;00032;EEL;N53095006;E006400003;11240;323;;2
220;EF;ENO;ENODAK;N68225256;E023274233;;;E0082;WGE;EFPS;EFPS;;;01127;ENO;N68225256;E023274233;11710;550;;2
222;LE;EON;LEON;N42353757;W005384612;;;W0038;WGE;LECM;LECM;;;03013;EON;N42353742;W005384548;11200;352;;0
224;LF;EPR;EPERNON;N48373250;E001392360;;;W0027;WGE;LFFF;LFFF;;;00000;EPR;N48373250;E001392360;11565;303;;1
226;ED;ERF;ERFURT;N50570313;E011141208;;;E0010;WGE;EDBB;EDBB;;;01325;ERF;N50570313;E011141208;11385;000;;1
227;ED;ERL;ERLANGEN;N49391949;E011090292;;;E0010;WGE;EDFF;EDUU;;;01841;ERL;N49391949;E011090292;11490;280;;2
229;ED;EUR;EURACH;N47440596;E011145785;;;E0005;WGE;EDMM;EDUU;;;02279;EUR;N47440596;E011145785;11520;223;;1
230;EN;EVD;EVENES;N68272630;E016405417;;;E0040;WGE;ENOR;ENOR;;;00153;EVD;N68272630;E016405417;11735;;;2
238;LF;FGI;FIGARI SUD CORSE;N41300790;E009050030;;;E0010;WGE;LFMM;LFFF;;;00144;FGI;N41300790;E009050030;11670;315;;1
240;LF;FJR;FREJORGUES;N43344210;E003582900;;;W0010;WGE;LFMM;LFFF;;;00007;FJR;N43344210;E003582900;11445;;;2
241;ED;FLD;FRIEDLAND;N53454585;E013334729;;;E0020;WGE;EDBB;EDBB;;;00043;FLD;N53454585;E013334729;11715;316;;2
243;EB;FLO;FLORA;N50523599;E005080432;;;W0012;WGE;EBBU;EBUR;;;00200;FLO;N50523599;E005080432;11205;221;;1
244;EN;FLO;FLORO;N61345362;E005011265;;;W0030;WGE;ENOR;ENOR;;;00066;FLO;N61345362;E005011265;11230;322;;2
245;LR;FLR;FLORESTI;N44300298;E025422940;;;E0036;WGE;LRBB;LRBB;;;00499;FLR;N44300298;E025422940;11220;394;;3
246;EN;FLS;FLESLAND;N60184054;E005124390;;;W0029;WGE;ENOR;ENOR;;;00213;FLS;N60184054;E005124390;11555;445;;2
247;LO;FMD;FISCHAMEND;N48061841;E016374535;;;E0017;WGE;LOVV;LOVV;;;00639;FMD;N48061841;E016374535;11040;508;;1
250;LO;FRE;FREISTADT;N48255441;E014074739;;;E0014;WGE;LOVV;LOVV;;;02014;FRE;N48255441;E014074739;11350;195;;2
251;LS;FRI;FRIBOURG;N46463931;E007132460;;;W0000;WGE;LSAS;LSAS;;;02659;FRI;N46463931;E007132460;11085;;;1
252;LI;FRS;FROSINONE;N41383180;E013174180;;;E0012;WGE;LIRR;LIRR;;;00662;FRS;N41383180;E013174180;11560;000;;1
253;LP;FRS;FLORES;N39271292;W031123750;;;W0127;WGE;LPPO;LPPO;;;02000;FRS;N39271291;W031123756;11330;;;1
255;LG;FSK;FISKA;N41055537;E022592936;;;E0025;;LGGG;LGGG;;;01312;FSK;N41055537;E022592936;11640;000;;2
256;LP;FTM;FATIMA;N39395645;W008293354;;;W0039;WGE;LPPC;LPPC;;;00686;FTM;N39395788;W008293557;11350;;;1
257;ED;FUL;FULDA;N50353284;E009341981;;;E0000;WGE;EDFF;EDUU;;;01138;FUL;N50353284;E009341981;11210;416;;2
258;LP;FUN;FUNCHAL;N32444981;W016421963;;;W0067;WGE;LPPC;LPPC;;;00504;FUN;N32444934;W016422047;11220;;;2
259;ED;FWE;FUERSTENWALDE;N52244081;E014075012;;;E0020;WGE;EDBB;EDBB;;;00238;FWE;N52244081;E014075012;11330;340;;1
261;EG;GAM;GAMSTON;N53165300;W000565000;;;W0032;WGE;EGTT;EGTT;;;00121;GAM;N53165300;W000565000;11280;295;;2
262;LG;GAR;KERKIRA / GARITSA;N39362308;E019543390;;;E0026;;LGGG;LGGG;;;00030;GAR;N39362308;E019543390;10880;000;;0
267;LI;GEN;GENOA;N44252768;E009045550;;;E0002;WGE;LIMM;LIMM;;;02915;GEN;N44252768;E009045550;11280;263;;2
272;LE;GIR;GIRONA;N41555224;E002461908;;;W0017;WGE;LECB;LECB;;;00535;GIR;N41555229;E002461881;11410;385;;2
274;LC;GKE;GECITKALE;N35140700;E033454900;;;E0030;WGE;LCCC;LCCC;;;00197;GKE;N35140700;E033454900;11430;000;;3
275;LR;GLT;GALATI;N45245877;E027553988;;;E0042;WGE;LRBB;LRBB;;;00203;GLT;N45245877;E027553988;10820;337;;3
276;ED;GMH;GERMINGHAUSEN;N51101384;E007533134;;;E0000;WGE;EDLL;EDVV;;;01821;GMH;N51101384;E007533134;11540;222;;2
278;LB;GOL;GOLYAMA;N43054300;E024131400;;;E0031;;LBSR;LBSR;;;01378;GOL;N43054300;E024131400;11410;529;;2
280;ED;GOT;GOTEM;N51203522;E011355110;;;E0010;WGE;EDBB;EDBB;;;00721;GOT;N51203522;E011355110;11525;202;;2
281;EG;GOW;GLASGOW;N55521381;W004264461;;;W0052;WGE;EGPX;EGPX;;;00037;GOW;N55521381;W004264461;11540;523;;2
283;LS;GRE;GRENCHEN;N47105935;E007250545;;;W0001;WGE;LSAS;LSAS;;;01435;GRE;N47105482;E007250042;11545;116;;0
284;EN;GRM;GARDERMOEN;N60113033;E011042791;;;W0000;WGE;ENOR;ENOR;;;00693;GRM;N60113033;E011042791;11595;;;2
285;LB;GRN;GORNA;N43091400;E025423900;;;E0030;;LBSR;LBSR;;;00295;GRN;N43091400;E025423900;11360;286;;2
288;EP;GRU;GRUDZIADZ;N53311648;E018465283;;;E0026;WGE;EPWW;EPWW;;;00295;GRU;N53311648;E018465283;11460;332;;2
289;LO;GRZ;GRAZ;N46571932;E015265795;;;E0015;WGE;LOVV;LOVV;;;01097;GRZ;N46571932;E015265795;11620;213;;1
291;EB;GSY;GOSLY;N50271382;E004262895;;;W0014;WGE;EBBU;EBUR;;;00655;GSY;N50271382;E004262895;11570;276;;1
292;LF;GTQ;GROSTENQUIN;N48591120;E006425840;;;W0010;WGE;LFEE;LFFF;;;00900;GTQ;N48591120;E006425840;11125;384;;2
293;EG;GUR;GUERNSEY;N49261385;W002361330;;;W0040;WGE;LFRR;LFFF;;;00355;GUR;N49261385;W002361330;10940;442;;2
294;LS;GVA;GENEVE;N46151408;E006075600;;;E0000;WGE;LSAS;LSAS;;;01377;GVA;N46151408;E006075600;11575;000;;0
295;EG;GWC;GOODWOOD;N50511878;W000452425;;;W0027;WGE;EGTT;EGTT;;;00113;GWC;N50511878;W000452425;11475;386;;2
296;LH;GYR;GYOR;N47393278;E017432767;;;E0019;WGE;LHCC;LHCC;;;00515;GYR;N47393238;E017432760;11510;000;;1
297;LM;GZO;GOZO;N36021400;E014121900;;;E0010;WGE;LMMM;LMMM;;;00532;GZO;N36021400;E014121900;11570;458;;2
300;EF;HAL;HALLI;N61511683;E024480938;;;E0070;WGE;EFES;EFES;;;00484;HAL;N61511683;E024480938;11520;361;;2
305;ED;HDO;HERMSDORF;N50554134;E014220768;;;E0020;WGE;EDBB;EDBB;;;01439;HDO;N50554134;E014220768;11500;395;;2
306;EH;HDR;DEN HELDER;N52542468;E004455660;;;W0009;WGE;EHAA;EHAA;;;00029;HDR;N52542468;E004455660;11555;262;;2
309;EF;HEL;HELSINKI;N60201614;E024571343;;;E0059;WGE;EFES;EFES;;;00239;HEL;N60201614;E024571343;11420;451;;2
311;LE;HIJ;HINOJOSA DEL DUQUE VORDME;N38302928;W005055886;;;W0030;WGE;LECM;LECM;;;01814;HIJ;N38302956;W005055895;11470;587;;2
315;ED;HLZ;HEHLINGEN;N52214821;E010474278;;;E0010;WGE;EDWW;EDVV;;;00413;HLZ;N52214821;E010474278;11730;343;;2
316;EN;HMF;HAMMERFEST;N70421528;E023412668;;;E0080;WGE;ENOR;ENOR;;;01254;HMF;N70421528;E023412668;11240;455;;2
317;ED;HMM;HAMM;N51512472;E007422986;;;E0000;WGE;EDLL;EDVV;;;00237;HMM;N51512472;E007422986;11565;160;;2
318;ES;HMR;HAMMAR;N60164550;E018232970;;;E0045;WGE;ESAA;ESAA;;;00102;HMR;N60164550;E018232970;11260;;;2
321;LS;HOC;HOCHWALD;N47275958;E007395564;;;W0004;WGE;LSAS;LSAS;;;02425;HOC;N47275958;E007395564;11320;240;;2
322;EG;HON;HONILEY;N52212400;W001394900;;;W0033;WGE;EGTT;EGTT;;;00435;HON;N52212400;W001394900;11365;534;;2
324;LG;HOS;CHIOS;N38205816;E026083375;;;E0024;;LGGG;LGGG;;;00026;HOS;N38205816;E026083375;11080;000;;0
328;EB;HUL;HULDENBERG;N50445814;E004382990;;;W0016;WGE;EBBU;EBUR;;;00356;HUL;N50445814;E004382990;11755;440;;1
331;LE;IBA;IBIZA;N38520604;E001215729;;;W0012;WGE;LECB;LECB;;;00030;IBA;N38520612;E001215747;11780;383;;2
333;LJ;ILB;BISTRICA;N45335611;E014101511;;;E0013;WGE;LJLA;LJLA;;;01969;ILB;N45335611;E014101511;11480;327;;2
334;BI;ING;INGO;N63481100;W016381700;;;W0150;WGE;BIRD;BIRD;;;00335;ING;N63481100;W016381700;11240;;;2
335;EG;INS;INVERNESS;N57323345;W004022955;;;W0055;WGE;EGPX;EGPX;;;00058;INS;N57323345;W004022955;10920;550;;1
336;EG;IOM;ISLE OF MAN;N54040072;W004454851;;;W0049;WGE;EGTT;EGTT;;;00573;IOM;N54040072;W004454851;11220;308;;2
337;LG;IRA;IRAKLION;N35203100;E025110600;;;E0030;;LGGG;LGGG;;;00112;IRA;N35203100;E025110600;10880;335;;0
342;EP;JAB;JABLONKA;N49285845;E019404298;;;E0026;WGE;LZBB;LZBB;;;02264;JAB;N49285845;E019404298;11640;490;;2
343;LZ;JAN;JANOVCE;N48104317;E017324075;;;E0030;WGE;LZBB;LZBB;;;00423;JAN;N48104317;E017324075;11080;352;;2
344;EP;JED;JEDRZEJOW;N50385035;E020150434;;;E0029;WGE;EPWW;EPWW;;;01000;JED;N50385035;E020150434;11560;509;;2
345;EF;JNS;JOSIE;N62393779;E029363789;;;E0090;WGE;EFES;EFES;;;00413;JNS;N62393779;E029363789;11570;;;0
346;LE;JOA;PALMA DE MALLORCA;N39335284;E002444786;;;W0005;WGE;LECB;LECB;;;00026;JOA;N39335306;E002444769;11770;255;;0
347;ES;JON;JONKOPING;N57453740;E014035550;;;E0030;WGE;ESAA;ESAA;;;00774;JON;N57453740;E014035550;11580;284;;1
348;LE;JRZ;JEREZ;N36485467;W006013554;;;W0038;WGE;LECM;LECM;;;00285;JRZ;N36485467;W006013554;11300;256;;2
349;EG;JSY;JERSEY;N49131597;W002024615;;;W0029;WGE;LFRR;LFFF;;;00276;JSY;N49131597;W002024615;11220;308;;2
351;ES;KAL;KALMAR;N56410740;E016170310;;;E0035;WGE;ESAA;ESAA;;;00026;KAL;N56410740;E016170310;11160;546;;2
352;LB;KAL;KALOTINA;N42565700;E022523200;;;E0027;;LBSR;LBSR;;;03150;KAL;N42565700;E022523200;11450;166;;2
353;LG;KAM;KALAMATA;N37035100;E022013100;;;E0022;;LGGG;LGGG;;;00059;KAM;N37035100;E022013100;11260;344;;0
355;EK;KAS;KASTRUP;N55352587;E012364897;;;E0020;WGE;EKDK;EKDK;;;00029;KAS;N55352587;E012364897;11250;342;;2
356;LG;KAS;KASTORIA;N40270368;E021163115;;;E0022;;LGGG;LGGG;;;02188;KAS;N40270368;E021163115;11450;000;;0
357;EF;KAU;KAUHAVA;N63072103;E023032131;;;E0060;WGE;EFES;EFES;;;00159;KAU;N63072103;E023032131;11240;295;;2
359;ED;KBO;COLOGNE/BONN;N50514204;E007084386;;;E0000;WGE;EDLL;EDVV;;;00311;KBO;N50514204;E007084386;11215;195;;0
360;LG;KEA;KEA;N37332591;E024175220;;;E0024;;LGGG;LGGG;;;01388;KEA;N37332591;E024175220;11500;000;;2
361;LQ;KEB;SARAJEVO;N43560189;E018265934;;;E0020;WGE;LQSB;LQSB;;;05025;KEB;N43560189;E018265934;11670;438;;2
362;BI;KEF;KEFLAVIK;N63591300;W022365200;;;W0190;WGE;BIRD;BIRD;;;00153;KEF;N63591300;W022365200;11200;;;2
363;LG;KFN;KEFALLINIA;N38064663;E020301686;;;E0019;;LGGG;LGGG;;;00057;KFN;N38064663;E020301686;11550;000;;0
364;LO;KFT;KLAGENFURT;N46355130;E014334435;;;E0016;WGE;LOVV;LOVV;;;02279;KFT;N46355130;E014334435;11310;224;;2
365;EN;KIK;KIRKENES;N69432565;E029520880;;;E0110;WGE;ENOR;ENOR;;;00303;KIK;N69432565;E029520880;11200;454;;2
367;EF;KLA;KANTOLA;N65593023;E029140901;;;E0105;WGE;EFPS;EFPS;;;00923;KLA;N65593023;E029140901;11440;270;;2
368;EN;KLD;KALHOVD;N60031801;E008222450;;;W0016;WGE;ENOR;ENOR;;;04158;KLD;N60031801;E008222450;11370;499;;2
369;ED;KLF;KLASDORF;N52011078;E013334969;;;E0020;WGE;EDBB;EDBB;;;00233;KLF;N52011078;E013334969;11515;258;;2
371;LS;KLO;KLOTEN;N47272573;E008324414;;;W0002;WGE;LSAS;LSAS;;;01410;KLO;N47272573;E008324414;11485;243;;2
373;EF;KNI;KAINUU;N64165713;E027392097;;;E0080;WGE;EFPS;EFPS;;;00447;KNI;N64165713;E027392097;11490;343;;2
375;EF;KNS;KAUNIS;N68271439;E027270545;;;E0105;WGE;EFPS;EFPS;;;01374;KNS;N68271439;E027270545;11580;;;2
377;EK;KOR;KORSA;N55262171;E011375351;;;E0010;WGE;EKDK;EKDK;;;00136;KOR;N55262171;E011375351;11280;297;;2
378;LG;KOS;KOS;N36472622;E027052863;;;E0028;;LGGG;LGGG;;;00410;KOS;N36472622;E027052863;10900;000;;0
379;LG;KOZ;KOZANI;N40171000;E021502800;;;E0022;;LGGG;LGGG;;;02055;KOZ;N40171000;E021502800;10960;232;;0
381;LG;KPL;CHRISOUPOLIS;N40544559;E024365314;;;E0027;;LGGG;LGGG;;;00023;KPL;N40544559;E024365314;10880;214;;0
382;ED;KPT;KEMPTEN;N47444484;E010205938;;;E0010;WGE;EDMM;EDUU;;;02529;KPT;N47444484;E010205938;10960;;;2
383;ES;KRA;KIRUNA;N67490920;E020201500;;;E0065;WGE;ESAA;ESAA;;;01498;KRA;N67490920;E020201500;11520;377;;2
384;ED;KRH;KARLSRUHE;N48593460;E008350325;;;E0000;WGE;EDFF;EDUU;;;00908;KRH;N48593460;E008350325;11595;333;;2
385;LG;KRI;KORINTHOS;N37540000;E022590000;;;E0022;;LGGG;LGGG;;;00000;KRI;N37540000;E022590000;11300;319;;2
386;LG;KRK;KERKIRA;N39263789;E020042199;;;E0020;;LGGG;LGGG;;;00066;KRK;N39263789;E020042199;11470;000;;2
387;EN;KRM;KARMOY;N59204752;E005120610;;;W0027;WGE;ENOR;ENOR;;;00102;KRM;N59204752;E005120610;11515;487;;0
388;EP;KRN;KARNICE;N51564646;E020264062;;;E0040;WGE;EPWW;EPWW;;;00584;KRN;N51564646;E020264062;11780;423;;2
389;LG;KRO;KARISTOS;N37593891;E024294163;;;E0031;;LGGG;LGGG;;;00051;KRO;N37593891;E024294163;11220;290;;2
390;EP;KRT;KARTUZY;N54175905;E018122878;;;E0026;WGE;EPWW;EPWW;;;00689;KRT;N54175905;E018122878;11320;445;;2
391;LZ;KSC;KOSICE;N48405912;E021145340;;;E0040;WGE;LZBB;LZBB;;;00787;KSC;N48405912;E021145340;10820;337;;2
392;ES;KSD;KARLSTAD;N59263280;E013195360;;;E0020;WGE;ESAA;ESAA;;;00348;KSD;N59263280;E013195360;11780;509;;2
395;EN;KVB;KVERNBERGET;N63070528;E007483794;;;W0023;WGE;ENOR;ENOR;;;00684;KVB;N63070528;E007483794;11380;000;;2
398;EG;KWL;KIRKWALL;N58573482;W002533821;;;W0068;WGE;EGPX;EGPX;;;00065;KWL;N58573482;W002533821;10860;568;;0
402;LQ;LAK;BANJA LUKA;N44563000;E017174500;;;E0020;WGE;LQSB;LQSB;;;00401;LAK;N44563000;E017174500;11590;177;;0
403;EG;LAM;LAMBOURNE;N51384569;E000090613;;;W0024;WGE;EGTT;EGTT;;;00200;LAM;N51384569;E000090613;11560;343;;2
404;LI;LAT;LATINA;N41322802;E012550510;;;E0012;WGE;LIRR;LIRR;;;00098;LAT;N41322802;E012550510;11120;265;;2
405;ES;LAV;LANDVETTER;N57392200;E012172350;;;E0015;WGE;ESAA;ESAA;;;00574;LAV;N57392200;E012172350;11460;332;;2
406;ED;LBE;ELBE;N53391512;E009354220;;;E0010;WGE;EDWW;EDVV;;;00050;LBE;N53391512;E009354220;11510;377;;2
407;ED;LBU;LUBURG;N48544671;E009202482;;;E0010;WGE;EDFF;EDUU;;;01064;LBU;N48544671;E009202482;10920;270;;2
408;LC;LCA;LARNACA;N34522400;E033373600;;;E0031;WGE;LCCC;LCCC;;;00020;LCA;N34522400;E033373600;11280;408;;1
413;EP;LDZ;LODZ;N51480042;E019392213;;;E0027;WGE;EPWW;EPWW;;;00820;LDZ;N51480042;E019392213;11240;398;;2
416;ED;LEG;LEIPZIG;N51260962;E012282354;;;E0010;WGE;EDBB;EDBB;;;00486;LEG;N51260962;E012282354;11585;365;;2
417;LF;LEQ;LILLE LESQUIN;N50334240;E003052100;;;W0030;WGE;LFFF;LFFF;;;00190;LEQ;N50334240;E003052100;10900;165;;0
418;EB;LGE;LIEGE;N50391437;E005281351;;;W0008;WGE;EBBU;EBUR;;;00699;LGE;N50391437;E005281351;11545;188;;1
420;EP;LIN;LININ;N51555839;E021093070;;;E0032;WGE;EPWW;EPWW;;;00394;LIN;N51555839;E021093070;11310;365;;1
421;LI;LIN;LINATE;N45274042;E009163116;;;E0002;WGE;LIMM;LIMM;;;00386;LIN;N45274042;E009163116;11600;203;;2
422;LP;LIS;LISBOA;N38531566;W009094574;;;W0052;WGE;LPPC;LPPC;;;01142;LIS;N38531483;W009094502;11480;543;;2
423;ES;LJU;LJUNGBYHEAD;N56045910;E013120400;;;E0020;WGE;ESAA;ESAA;;;00154;LJU;N56045910;E013120400;11340;335;;0
427;LF;LMG;LIMOGES;N45485730;E001013210;;;W0020;WGE;LFBB;LFFF;;;01375;LMG;N45485730;E001013210;11450;294;;2
428;LG;LMO;LIMNOS;N39551300;E025141500;;;E0028;;LGGG;LGGG;;;00030;LMO;N39551300;E025141500;10920;212;;2
429;LI;LMT;LAMEZIA TERME;N38541017;E016155396;;;E0020;WGE;LIRR;LIRR;;;00045;LMT;N38541017;E016155396;11250;247;;0
431;EG;LND;LANDS END;N50081052;W005381315;;;W0044;WGE;EGTT;EGTT;;;00800;LND;N50081052;W005381315;11420;551;;2
432;EF;LNE;LUONET;N62251483;E025372403;;;E0070;WGE;EFES;EFES;;;00696;LNE;N62251483;E025372403;11230;380;;2
433;EB;LNO;OLNO;N50350929;E005423699;;;W0008;WGE;EBBU;EBUR;;;00811;LNO;N50350929;E005423699;11280;000;;2
434;LO;LNZ;LINZ;N48134689;E014061195;;;E0012;WGE;LOVV;LOVV;;;01145;LNZ;N48134689;E014061195;11660;335;;1
435;EG;LON;LONDON;N51291400;W000280000;;;W0027;WGE;EGTT;EGTT;;;00110;LON;N51291400;W000280000;11360;222;;2
438;LE;LPA;LOGRONO;N42273793;W002193688;;;W0030;WGE;LECM;LECM;;;01348;LPA;N42273746;W002193711;11545;000;;2
439;LI;LPD;LAMPEDUSA;N35295894;E012375147;;;E0009;WGE;LMMM;LMMM;;;00059;LPD;N35300113;E012375309;10860;464;;2
441;LE;LRA;LA CORUNA;N43234617;W008182456;;;W0047;WGE;LECM;LECM;;;00415;LRA;N43234602;W008182443;11510;279;;0
443;LF;LSE;LYON SAINT EXUPERY;N45444390;E005052610;;;W0005;WGE;LFMM;LFFF;;;00820;LSE;N45444390;E005052610;11475;386;;2
445;LG;LSV;LESVOS;N39135700;E026253000;;;E0025;;LGGG;LGGG;;;00705;LSV;N39135700;E026253000;11420;485;;2
446;LF;LTP;LA TOUR-DU-PIN;N45292030;E005262060;;;W0010;WGE;LFMM;LFFF;;;01302;LTP;N45292030;E005262060;11555;000;;0
448;LF;LUC;LE LUC;N43225800;E006152130;;;E0000;WGE;LFMM;LFFF;;;00266;LUC;N43225800;E006152130;11300;339;;2
452;EL;LUX;LUXEMBOURG;N49382230;E006145040;;;W0008;WGE;EBBU;EBUR;;;01247;LUX;N49382230;E006145040;11225;556;;1
453;ED;LWB;LOEWENBERG;N52543715;E013080461;;;E0020;WGE;EDBB;EDBB;;;00234;LWB;N52543715;E013080461;11455;445;;2
456;EG;LYD;LYDD;N50595900;E000524300;;;W0021;WGE;EGTT;EGTT;;;00030;LYD;N50595900;E000524300;11405;264;;2
458;EG;MAC;MACHRIHANISH;N55254808;W005390149;;;W0056;WGE;EGPX;EGPX;;;00095;MAC;N55254808;W005390149;11600;469;;2
459;ED;MAG;MAGDEBURG;N51594196;E011473950;;;E0012;WGE;EDBB;EDBB;;;00209;MAG;N51594196;E011473950;11045;;;2
460;ED;MAH;MAISACH;N48154835;E011184293;;;E0010;WGE;EDMM;EDUU;;;01759;MAH;N48154835;E011184293;10840;215;;2
461;LI;MAL;MALPENSA;N45383320;E008440390;;;E0001;WGE;LIMM;LIMM;;;00768;MAL;N45383356;E008440440;11120;237;;0
463;EF;MAR;MARIE;N60082755;E019545194;;;E0040;WGE;EFES;EFES;;;00118;MAR;N60082755;E019545194;11470;460;;2
464;LE;MAR;MARTIN;N37031915;W004562360;;;W0031;WGE;LECM;LECM;;;02267;MAR;N37031926;W004562340;11260;463;;2
465;EH;MAS;MAASTRICHT;N50581899;E005573754;;;W0004;WGE;EHAA;EHAA;;;00283;MAS;N50581899;E005573754;10860;276;;1
466;EG;MAY;MAYFIELD;N51010200;E000065800;;;W0024;WGE;EGTT;EGTT;;;00360;MAY;N51010200;E000065800;11790;469;;2
467;ED;MBG;MOOSBURG;N48342427;E012153960;;;E0010;WGE;EDMM;EDUU;;;01658;MBG;N48342427;E012153960;11715;316;;2
469;EG;MCT;MANCHESTER;N53212529;W002154424;;;W0037;WGE;EGTT;EGTT;;;00282;MCT;N53212529;W002154424;11355;467;;2
470;ED;MDF;MILLDORF;N48140493;E012201466;;;E0010;WGE;EDMM;EDUU;;;01526;MDF;N48140493;E012201466;11700;351;;2
472;LE;MEL;MELILLA;N35164957;W002572942;;;W0023;WGE;GMMM;GMMM;;;00200;MEL;N35164919;W002572981;11425;;;2
474;LF;MEN;MENDE NASBINALS;N44363010;E003094470;;;W0015;WGE;LFMM;LFFF;;;04514;MEN;N44363000;E003094470;11530;314;;2
475;EN;MES;MESNALI;N61055926;E010383402;;;W0005;WGE;ENOR;ENOR;;;02317;MES;N61055926;E010383402;11440;532;;2
476;LG;MES;MESTA;N38150625;E025542068;;;E0026;;LGGG;LGGG;;;01168;MES;N38150625;E025542068;11760;000;;2
478;LE;MGA;MALAGA;N36485152;W004221027;;;W0028;WGE;LECM;LECM;;;03396;MGA;N36485169;W004221004;11200;;;2
481;LE;MHN;MENORCA;N39514865;E004130190;;;W0011;WGE;LECB;LECB;;;00325;MHN;N39514875;E004130120;11260;356;;2
484;EG;MID;MIDHURST;N51031400;W000373000;;;W0026;WGE;EGTT;EGTT;;;00200;MID;N51031400;W000373000;11400;259;;2
486;LG;MIL;MILOS;N36444400;E024310600;;;E0023;;LGGG;LGGG;;;00673;MIL;N36444400;E024310600;11350;297;;2
487;LE;MJV;PALMA DE MALLORCA;N39260667;E002452986;;;W0010;WGE;LECB;LECB;;;00509;MJV;N39260669;E002452922;11330;325;;2
488;LG;MKN;MIKONOS;N37262900;E025204200;;;E0026;;LGGG;LGGG;;;00407;MKN;N37262900;E025204200;11000;;;0
489;LG;MKR;MIKRA;N40310741;E022581128;;;E0032;;LGGG;LGGG;;;00100;MKR;N40310741;E022581128;11080;000;;1
490;LE;MLA;MAELLA;N41074654;E000095488;;;W0020;WGE;LECB;LECB;;;01201;MLA;N41074689;E000095560;11210;459;;2
492;LE;MLG;MALAGA;N36404346;W004302401;;;W0030;WGE;LECM;LECM;;;00075;MLG;N36404309;W004302442;11355;384;;2
494;LF;MLN;MELUN;N48272080;E002484780;;;W0015;WGE;LFFF;LFFF;;;00301;MLN;N48272080;E002484780;11360;222;;1
495;LG;MLN;MITILINI;N39033000;E026360300;;;E0025;;LGGG;LGGG;;;00039;MLN;N39033000;E026360300;10960;144;;0
499;LH;MNR;MONOR;N47200498;E019241965;;;E0024;WGE;LHCC;LHCC;;;00453;MNR;N47200471;E019242014;11250;000;;2
503;LS;MOT;MONTANA;N46184814;E007301202;;;W0000;WGE;LSAS;LSAS;;;04456;MOT;N46184814;E007301202;11585;365;;1
504;LF;MOU;MOULINS;N46422440;E003375400;;;W0010;WGE;LFFF;LFFF;;;00699;MOU;N46422440;E003375400;11670;000;;2
505;EP;MRA;MRAGOWO;N53470566;E021075824;;;E0043;WGE;EPWW;EPWW;;;00492;MRA;N53470566;E021075824;11730;383;;1
506;LF;MRM;MARSEILLE PROVENCE;N43223840;E005193520;;;W0010;WGE;LFMM;LFFF;;;00771;MRM;N43223840;E005193520;10880;;;2
507;LE;MRN;SEVILLA-MORON;N37103030;W005370810;;;W0037;WGE;LECM;LECM;;;00300;MRN;N37103030;W005370810;11550;177;;0
508;LQ;MSR;MOSTAR;N43154088;E017512063;;;E0020;WGE;LQSB;LQSB;;;00156;MSR;N43154088;E017512063;11690;462;;1
510;LF;MTG;MARTIGUES;N43231070;E005051260;;;W0010;WGE;LFMM;LFFF;;;00650;MTG;N43231070;E005051260;11730;271;;2
511;LF;MTL;MONTELIMAR ANCONE;N44331778;E004464745;;;W0006;WGE;LFMM;LFFF;;;00656;MTL;N44331778;E004464745;11365;000;;2
514;ED;MUN;MUENCHEN;N48104917;E011485766;;;E0010;WGE;EDMM;EDUU;;;01802;MUN;N48104917;E011485766;11230;269;;2
516;ES;NAT;NATTA;N66444740;E021192080;;;E0070;WGE;ESAA;ESAA;;;01258;NAT;N66444740;E021192080;11300;150;;2
519;LE;NEA;TABANERA DEL CERRATO-PALENCIA;N42013939;W004063287;;;W0035;WGE;LECM;LECM;;;03002;NEA;N42013939;W004063287;11675;546;;0
521;LK;NER;NERATOVICE;N50183791;E014233813;;;E0010;WGE;LKAA;LKAA;;;00500;NER;N50183791;E014233813;10860;157;;0
524;EG;NEW;NEWCASTLE;N55021841;W001415413;;;W0038;WGE;EGPX;EGPX;;;00289;NEW;N55021841;W001415413;11425;;;2
528;EB;NIK;NICKY;N51095429;E004110218;;;W0017;WGE;EBBU;EBUR;;;00119;NIK;N51095429;E004110218;11740;000;;2
530;LY;NIS;NIS;N43204730;E021493740;;;E0026;WGE;LYBA;LYBA;;;00623;NIS;N43204730;E021493740;11390;399;;1
531;LZ;NIT;NITRA;N48172557;E018030230;;;E0020;WGE;LZBB;LZBB;;;00810;NIT;N48172557;E018030230;11650;567;;2
532;LF;NIZ;NICE COTE D AZUR;N43461430;E007151580;;;E0000;WGE;LFMM;LFFF;;;02822;NIZ;N43461430;E007151580;11240;403;;2
539;ES;NTL;NORTEL;N59445930;E018460060;;;E0045;WGE;ESAA;ESAA;;;00068;NTL;N59445930;E018460060;11630;315;;2
541;LF;NTS;NANTES ATLANTIQUE;N47093910;W001364670;;;W0030;WGE;LFRR;LFFF;;;00092;NTS;N47093910;W001364670;11550;404;;2
542;LE;NVS;NAVAS DEL REY;N40220724;W004145790;;;W0030;WGE;LECM;LECM;;;02572;NVS;N40220682;W004145762;11495;;;1
545;EG;OCK;OCKHAM;N51181800;W000265000;;;W0026;WGE;EGTT;EGTT;;;00200;OCK;N51181800;W000265000;11530;277;;2
547;EK;ODN;ODIN;N55345164;E010391076;;;E0010;WGE;EKDK;EKDK;;;00024;ODN;N55345164;E010391076;11550;288;;2
548;LW;OHR;OHRID;N41102100;E020441100;;;E0023;WGE;LWSS;LWSS;;;02313;OHR;N41102100;E020441100;11250;247;;0
549;EP;OKE;WARSZAWA;N52101113;E020573619;;;E0040;WGE;EPWW;EPWW;;;00394;OKE;N52101113;E020573619;11340;000;;2
550;LK;OKF;DESNA;N48580903;E015324408;;;E0016;WGE;LKAA;LKAA;;;01600;OKF;N48580903;E015324408;11315;;;2
551;LK;OKG;CHEB;N50035453;E012242066;;;E0008;WGE;LKAA;LKAA;;;01600;OKG;N50035453;E012242066;11570;306;;2
552;LK;OKL;PRAGUE;N50054732;E014154611;;;E0010;WGE;LKAA;LKAA;;;01200;OKL;N50054732;E014154611;11260;238;;2
553;LK;OKX;FRYDLANT;N50540965;E015015484;;;E0017;WGE;LKAA;LKAA;;;01321;OKX;N50540965;E015015484;11485;229;;2
554;LF;OL;PARIS ORLY;N48434750;E002231110;;;W0020;WGE;LFFF;LFFF;;;00305;OL;N48434750;E002231110;11120;220;;0
555;LQ;OMA;BANJA LUKA;N44572900;E016483300;;;E0016;WGE;LQSB;LQSB;;;00632;OMA;N44572900;E016483300;11790;;;2
557;LI;ORI;ORIO AL SERIO;N45401175;E009422595;;;E0007;WGE;LIMM;LIMM;;;00825;ORI;N45401175;E009422595;11260;120;;0
559;EF;ORM;ORIMAA;N60500060;E025454353;;;E0059;WGE;EFES;EFES;;;00273;ORM;N60500060;E025454353;11730;;;2
562;ES;OSK;ORNSKOLDSVIK;N63242180;E018593680;;;E0050;WGE;ESAA;ESAA;;;00351;OSK;N63242148;E018593648;11500;;;2
564;ES;OSS;OSTERSUND;N63115840;E014291520;;;E0020;WGE;ESAA;ESAA;;;01201;OSS;N63115840;E014291520;11465;;;2
565;LI;OST;OSTIA;N41481370;E012141500;;;E0013;WGE;LIRR;LIRR;;;00007;OST;N41481370;E012141500;11490;000;;2
566;LK;OTA;OSTRAVA (ZABREH);N49415097;E018063267;;;E0030;WGE;LKAA;LKAA;;;00850;OTA;N49415097;E018063267;11745;014;;2
567;EG;OTR;OTTRINGHAM;N53415400;W000061300;;;W0029;WGE;EGTT;EGTT;;;00001;OTR;N53415400;W000061300;11390;502;;2
568;EF;OUK;OULU;N64555359;E025213342;;;E0070;WGE;EFPS;EFPS;;;00066;OUK;N64555359;E025213342;11330;;;2
571;LI;OZE;BOLZANO;N46241740;E011173350;;;E0006;WGE;LIMM;LIMM;;;00000;OZE;N46241770;E011173400;11705;000;;1
573;LI;PAL;PALERMO;N38020223;E013103875;;;E0010;WGE;LIRR;LIRR;;;03869;PAL;N38020223;E013103875;11230;518;;2
574;EH;PAM;PAMPUS;N52200514;E005053178;;;W0008;WGE;EHAA;EHAA;;;00027;PAM;N52200514;E005053178;11780;274;;2
575;LI;PAN;PANTELLERIA;N36485100;E011573960;;;E0006;WGE;LIRR;LIRR;;;00604;PAN;N36485100;E011573960;11610;000;;2
576;LE;PAP;PAMPLONA;N42411819;W001393882;;;W0027;WGE;LECM;LECM;;;01890;PAP;N42411827;W001393908;11355;;;2
577;LG;PAR;PARADISI;N36240600;E028035400;;;E0025;;LGGG;LGGG;;;00019;PAR;N36240600;E028035400;10860;000;;0
578;LS;PAS;PASSEIRY;N46094930;E005595970;;;W0000;WGE;LSAS;LSAS;;;01418;PAS;N46094930;E005595970;11660;000;;2
579;LE;PDT;PERALES DE TAJUNA;N40151049;W003205291;;;W0031;WGE;LECM;LECM;;;02513;PDT;N40151044;W003205228;11695;;;0
580;LB;PDV;PLOVDIV;N42031214;E024523397;;;E0040;;LBSR;LBSR;;;00591;PDV;N42031214;E024523397;11490;382;;1
583;LI;PES;PESCARA;N42260970;E014110390;;;E0020;WGE;LIBB;LIBB;;;00030;PES;N42260970;E014110390;11590;202;;2
584;LF;PGS;PARIS CHARLES DE GAULLE;N48595810;E002372570;;;W0020;WGE;LFFF;LFFF;;;00351;PGS;N48595810;E002372570;11705;384;;2
585;LC;PHA;PAFOS;N34424600;E032302400;;;E0030;WGE;LCCC;LCCC;;;00053;PHA;N34424600;E032302400;11790;336;;2
588;EF;PIR;PIRKKA;N61243568;E023343958;;;E0056;WGE;EFES;EFES;;;00450;PIR;N61243568;E023343958;11620;464;;2
589;LI;PIS;PISA;N43403780;E010232620;;;E0005;WGE;LIMM;LIMM;;;00039;PIS;N43403750;E010232680;11210;416;;2
590;LG;PLH;PALEOCHORA;N35133900;E023405100;;;E0021;;LGGG;LGGG;;;00066;PLH;N35133900;E023405100;11460;000;;2
593;LY;POD;PODGORICA;N42231030;E019151660;;;E0022;WGE;LYBA;LYBA;;;00138;POD;N42231030;E019151660;11300;319;;0
595;EG;POL;POLE HILL;N53443800;W002061200;;;W0037;WGE;EGTT;EGTT;;;01400;POL;N53443800;W002061200;11210;426;;2
596;LI;POM;POMIGLIANO;N40554150;E014230080;;;E0011;WGE;LIRR;LIRR;;;00109;POM;N40554150;E014230080;11785;;;0
598;LE;POS;POLLENSA;N39553881;E003065249;;;W0012;WGE;LECB;LECB;;;01168;POS;N39553962;E003065350;11640;487;;0
599;LZ;PPD;TATRY;N49035312;E020210009;;;E0030;WGE;LZBB;LZBB;;;02388;PPD;N49035312;E020210009;11210;427;;2
600;LF;PPG;PERPIGNAN RIVESALTES;N42450170;E002520170;;;W0010;WGE;LFMM;LFFF;;;00154;PPG;N42450170;E002520170;11625;566;;1
601;LE;PPN;PAMPLONA;N42440114;W001420763;;;W0027;WGE;LECM;LECM;;;03412;PPN;N42440061;W001420912;11230;461;;2
602;LE;PRA;EL PRAT;N41165917;E002045469;;;W0010;WGE;LECB;LECB;;;00043;PRA;N41165877;E002045431;11430;001;;2
603;EF;PRI;PREVIK;N61275254;E021474509;;;E0050;WGE;EFES;EFES;;;00062;PRI;N61275254;E021474509;11320;445;;2
605;LI;PRS;RAISI;N38101955;E013044785;;;E0011;WGE;LIRR;LIRR;;;00019;PRS;N38101955;E013044785;11300;380;;1
606;LI;PRT;PERETOLA;N43483750;E011120540;;;E0010;WGE;LIMM;LIMM;;;00157;PRT;N43483750;E011120540;11250;300;;1
607;LP;PRT;PORTO;N41162279;W008411619;;;W0051;WGE;LPPC;LPPC;;;00182;PRT;N41162279;W008411619;11410;401;;2
608;LY;PRT;PRISTINA;N42342100;E021015300;;;E0032;WGE;LYBA;LYBA;;;00026;PRT;N42342100;E021015300;11330;511;;1
609;LI;PRU;PERUGIA;N43060614;E012304281;;;E0009;WGE;LIRR;LIRR;;;00700;PRU;N43060614;E012304281;10940;338;;1
611;LH;PTB;PUSZTASZABOLCS;N47090798;E018443233;;;E0022;WGE;LHCC;LHCC;;;00423;PTB;N47090759;E018443209;11710;000;;2
614;LD;PUL;PULA;N44533252;E013550526;;;E0010;WGE;LDZO;LDZO;;;00190;PUL;N44533252;E013550526;11125;384;;2
615;EF;PVO;PORVOO;N60173976;E025351852;;;E0061;WGE;EFES;EFES;;;00121;PVO;N60173976;E025351852;11280;531;;2
617;LF;QPR;QUIMPER PLUGUFFAN;N47572620;W004110500;;;W0040;WGE;LFRR;LFFF;;;00315;QPR;N47572620;W004110500;11780;442;;2
618;EK;RAM;RAMME;N56284214;E008111451;;;E0000;WGE;EKDK;EKDK;;;00060;RAM;N56284214;E008111451;11185;;;2
619;LE;RBO;ROBLEDILLO;N40511394;W003144787;;;W0028;WGE;LECM;LECM;;;03119;RBO;N40511428;W003144741;11395;;;0
620;LF;RBT;RAMBOUILLET;N48391420;E001593920;;;W0020;WGE;LFFF;LFFF;;;00604;RBT;N48391420;E001593920;11470;258;;2
621;LI;RCA;REGGIO CALABRIA;N38043304;E015384378;;;E0013;WGE;LIRR;LIRR;;;00055;RCA;N38043304;E015384378;11100;230;;0
622;LI;RCH;RONCHI DEI LEGIONARI;N45494734;E013284902;;;E0010;WGE;LIMM;LIMM;;;00074;RCH;N45494734;E013284902;11420;320;;1
624;LG;RDS;RHODOS;N36202800;E028045700;;;E0028;;LGGG;LGGG;;;01575;RDS;N36202800;E028045700;11580;;;2
626;LF;REN;RENNES SAINT JACQUES;N48040930;W001443000;;;W0030;WGE;LFRR;LFFF;;;00124;REN;N48040930;W001443000;10925;;;2
627;LE;RES;REUS;N41085890;E001101604;;;W0020;WGE;LECB;LECB;;;00272;RES;N41085890;E001101604;11420;362;;0
628;ED;RID;RIED;N49465409;E008322935;;;E0010;WGE;EDFF;EDUU;;;00328;RID;N49465409;E008322935;11220;105;;2
631;LD;RJK;RIJEKA;N45132684;E014340106;;;E0010;WGE;LDZO;LDZO;;;00360;RJK;N45132684;E014340106;11780;284;;2
632;EH;RKN;REKKEN;N52075951;E006454996;;;W0001;WGE;EHAA;EHAA;;;00137;RKN;N52075951;E006454996;11680;216;;2
633;LF;RLP;ROLAMPONT;N47542270;E005145700;;;W0012;WGE;LFEE;LFFF;;;01490;RLP;N47542270;E005145700;11730;000;;2
637;EF;ROI;ROVANI;N66334514;E025491347;;;E0090;WGE;EFPS;EFPS;;;00661;ROI;N66334514;E025491347;11770;586;;2
638;LI;ROM;ROM;N41481650;E012351710;;;E0011;WGE;LIRR;LIRR;;;00341;ROM;N41481650;E012351710;11080;437;;0
641;EN;RS;ROST;N67313941;E012060188;;;E0010;WGE;ENOR;ENOR;;;00033;RS;N67313941;E012060188;11350;492;;2
642;EH;RTM;ROTTERDAM;N51582531;E004285149;;;W0010;WGE;EHAA;EHAA;;;00034;RTM;N51582531;E004285149;11040;219;;2
643;EF;RUS;RUSKO;N60305469;E022152350;;;E0050;WGE;EFES;EFES;;;00187;RUS;N60305469;E022152350;11550;472;;2
644;EN;RVK;ROERVIK;N64501490;E011084832;;;W0003;WGE;ENOR;ENOR;;;00070;RVK;N64501490;E011084832;11270;438;;2
646;EP;RZE;RZESZOW;N50063546;E022055586;;;E0040;WGE;EPWW;EPWW;;;00689;RZE;N50063546;E022055586;11620;326;;2
647;EG;SAB;ST. ABBS;N55542700;W002122300;;;W0042;WGE;EGPX;EGPX;;;00760;SAB;N55542700;W002122300;11250;419;;2
649;LH;SAG;SAJOHIDVEG;N48002870;E020594677;;;E0027;WGE;LHCC;LHCC;;;00374;SAG;N48002870;E020594677;11440;389;;2
651;EG;SAM;SOUTHAMPTON;N50571890;W001204219;;;W0029;WGE;EGTT;EGTT;;;00066;SAM;N50571890;W001204219;11335;;;2
652;LG;SAM;SAMOS;N37411500;E026542700;;;E0034;;LGGG;LGGG;;;00030;SAM;N37411500;E026542700;11160;570;;0
654;LG;SAT;SAT;N37550048;E023545184;;;E0030;;LGGG;LGGG;;;00051;SAT;N37550048;E023545184;10960;144;;2
655;LR;SAT;SATU MARE;N47433869;E022533794;;;E0033;WGE;LRBB;LRBB;;;00535;SAT;N47433869;E022533794;10840;000;;3
657;LF;SAV;SAVERNE;N48474648;E007265273;;;E0000;WGE;LFEE;LFFF;;;01021;SAV;N48474648;E007265273;11045;254;;2
659;LO;SBG;SALZBURG;N48000930;E012533394;;;E0011;WGE;LOVV;LOVV;;;01494;SBG;N48000880;E012533437;11380;000;;1
660;LR;SCV;SUCEAVA;N47402037;E026213900;;;E0040;WGE;LRBB;LRBB;;;01411;SCV;N47402037;E026213900;11230;304;;3
661;EN;SDA;SEIDA;N70140332;E028041270;;;E0099;WGE;ENOR;ENOR;;;00941;SDA;N70140332;E028041270;11360;;;2
665;LI;SES;SESTRI;N44250240;E008492500;;;E0004;WGE;LIMM;LIMM;;;00032;SES;N44250280;E008492500;10860;266;;1
667;EG;SFD;SEAFORD;N50453800;E000071900;;;W0023;WGE;EGTT;EGTT;;;00300;SFD;N50453800;E000071900;11700;501;;2
670;LP;SGR;SAGRES;N37050165;W008564716;;;W0048;WGE;LPPC;LPPC;;;00500;SGR;N37050165;W008564716;11390;;;3
671;EI;SHA;SHANNON;N52431564;W008530677;;;W0071;WGE;EISN;EISN;;;00130;SHA;N52431564;W008530677;11330;500;;2
673;EP;SIE;SIEDLCE;N52091936;E022120285;;;E0036;WGE;EPWW;EPWW;;;00591;SIE;N52091936;E022120285;11470;414;;2
674;LE;SIE;SOMOSIERRA;N41090613;W003361681;;;W0030;WGE;LECM;LECM;;;05659;SIE;N41090605;W003361745;11540;595;;1
675;LI;SIE;SIENA AMPUGNANO;N43151010;E011151090;;;E0011;WGE;LIMM;LIMM;;;00637;SIE;N43151010;E011151090;11020;000;;3
676;EN;SIG;SIGDAL;N60005422;E009374820;;;W0000;WGE;ENOR;ENOR;;;02410;SIG;N60005422;E009374820;11770;424;;2
678;LW;SIN;SINKO;N41585100;E022215600;;;E0026;WGE;LWSS;LWSS;;;03891;SIN;N41585100;E022215600;11145;;;2
679;LS;SIO;SION;N46125581;E007171952;;;W0000;WGE;LSAS;LSAS;;;01594;SIO;N46125581;E007171952;11215;184;;1
680;LG;SIT;SITIA;N35040200;E026114300;;;E0021;;LGGG;LGGG;;;02133;SIT;N35040200;E026114300;11330;334;;2
681;ES;SKA;SKELLEFTEA;N64373600;E021044540;;;E0060;WGE;ESAA;ESAA;;;00174;SKA;N64373600;E021044540;11340;272;;2
682;EN;SKG;SKAGEN;N68344207;E015020573;;;E0019;WGE;ENOR;ENOR;;;00034;SKG;N68344207;E015020573;11280;565;;2
683;EN;SKI;SKIEN;N59111690;E009341304;;;W0009;WGE;ENOR;ENOR;;;00491;SKI;N59111690;E009341304;11360;393;;2
684;LW;SKJ;SKOPJE;N41560600;E021375000;;;E0025;WGE;LWSS;LWSS;;;00787;SKJ;N41560600;E021375000;11280;000;;2
686;LG;SKP;SKOPELOS;N39105031;E023365735;;;E0025;;LGGG;LGGG;;;01195;SKP;N39105031;E023365735;11340;000;;2
688;LZ;SLC;SLIAC;N48271167;E019065707;;;E0030;WGE;LZBB;LZBB;;;01670;SLC;N48271167;E019065707;11400;510;;2
690;LE;SLL;SABADELL;N41311147;E002063510;;;W0011;WGE;LECB;LECB;;;00499;SLL;N41311196;E002063511;11200;352;;0
691;ES;SLU;LULEA;N65322480;E022080330;;;E0070;WGE;ESAA;ESAA;;;00058;SLU;N65322480;E022080330;11510;486;;1
692;LI;SME;SMERALDA;N40532414;E009300426;;;E0004;WGE;LIRR;LIRR;;;00064;SME;N40532458;E009300202;11390;360;;2
694;LY;SMI;MITROVICA;N45003410;E019255080;;;E0024;WGE;LYBA;LYBA;;;00262;SMI;N45003410;E019255080;11700;350;;2
695;LG;SNI;SANTORINI;N36234600;E025285900;;;E0031;;LGGG;LGGG;;;00072;SNI;N36234600;E025285900;11040;212;;0
696;LE;SNR;SANTANDER;N43265921;W003540868;;;W0030;WGE;LECM;LECM;;;00164;SNR;N43265874;W003540897;11530;312;;0
697;LP;SNT;PORTO SANTO;N33052548;W016210228;;;W0080;WGE;LPPC;LPPC;;;00367;SNT;N33052548;W016210228;11490;;;2
698;LO;SNU;SOLLENAU;N47522955;E016171837;;;E0017;WGE;LOVV;LOVV;;;00891;SNU;N47522955;E016171837;11550;325;;1
700;LB;SOF;SOFIA;N42415500;E023232300;;;E0030;;LBSR;LBSR;;;01772;SOF;N42415500;E023232300;11260;330;;2
701;EN;SOG;SOGNDAL;N61090067;E007093507;;;W0020;WGE;ENOR;ENOR;;;01652;SOG;N61090067;E007093507;11420;500;;2
702;LI;SOR;SORRENTO;N40345719;E014200651;;;E0012;WGE;LIRR;LIRR;;;01653;SOR;N40345719;E014200651;11220;273;;2
705;LG;SPA;SPA;N37550480;E023561680;;;E0030;;LGGG;LGGG;;;00051;SPA;N37550480;E023561680;11750;285;;2
706;EB;SPI;SPRIMONT;N50305310;E005372449;;;W0007;WGE;EBBU;EBUR;;;00966;SPI;N50305310;E005372449;11310;220;;2
707;EH;SPL;SCHIPHOL;N52195572;E004445958;;;W0009;WGE;EHAA;EHAA;;;-12;SPL;N52195572;E004445958;10840;218;;2
708;LD;SPL;SPLIT;N43294769;E016181700;;;E0016;WGE;LDZO;LDZO;;;00734;SPL;N43294769;E016181700;11570;426;;2
709;LS;SPR;ST PREX;N46280729;E006265299;;;W0000;WGE;LSAS;LSAS;;;01252;SPR;N46280729;E006265299;11390;360;;2
710;EH;SPY;SPIJKERBOOR;N52322501;E004511361;;;W0009;WGE;EHAA;EHAA;;;00026;SPY;N52322501;E004511361;11330;340;;2
714;LI;SRN;SARONNO;N45384845;E009012226;;;E0002;WGE;LIMM;LIMM;;;00814;SRN;N45384845;E009012226;11370;305;;2
716;LE;SSE;SAN SEBASTIAN DE LOS REYES;N40324714;W003343069;;;W0028;WGE;LECM;LECM;;;02012;SSE;N40324712;W003343133;11785;;;1
717;LE;SSN;SAN SEBASTIAN;N43184031;W001494941;;;W0028;WGE;LECM;LECM;;;00804;SSN;N43184070;W001494981;11790;469;;0
718;EN;STD;STORD;N59471443;E005203963;;;W0027;WGE;ENOR;ENOR;;;00222;STD;N59471443;E005203963;11340;334;;2
719;LE;STG;SANTIAGO;N42553675;W008253141;;;W0052;WGE;LECM;LECM;;;01283;STG;N42553612;W008253118;11640;000;;2
720;LR;STJ;STREJNIC;N44550682;E025583730;;;E0042;WGE;LRBB;LRBB;;;00653;STJ;N44550682;E025583730;11320;322;;2
721;EG;STN;STORNOWAY;N58122501;W006105897;;;W0067;WGE;EGPX;EGPX;;;00250;STN;N58122501;W006105897;11510;466;;2
722;EN;STO;STOKKA;N65573753;E012281001;;;E0002;WGE;ENOR;ENOR;;;00137;STO;N65573753;E012281001;11200;454;;2
723;LO;STO;STOCKERAU;N48250169;E016010694;;;E0017;WGE;LOVV;LOVV;;;00750;STO;N48250151;E016010753;11300;387;;2
724;LF;STP;SAINT TROPEZ;N43131010;E006360650;;;E0000;WGE;LFMM;LFFF;;;01089;STP;N43131010;E006360650;11650;417;;2
725;LF;STR;STRASBOURG ENTZHEIM;N48301940;E007341910;;;W0002;WGE;LFEE;LFFF;;;00577;STR;N48301940;E007341910;11560;342;;2
726;EG;STU;STRUMBLE;N51594100;W005022500;;;W0045;WGE;EGTT;EGTT;;;00600;STU;N51594100;W005022500;11310;411;;2
728;LG;SUD;SOUDA;N35312700;E024103200;;;E0029;;LGGG;LGGG;;;00530;SUD;N35312700;E024103200;10860;197;;0
729;EP;SUI;SLUBICE;N52224748;E014350817;;;E0013;WGE;EPWW;EPWW;;;00098;SUI;N52224748;E014350817;11670;273;;1
731;EG;SUM;SUMBURGH;N59524352;W001171152;;;W0047;WGE;EGPX;EGPX;;;00084;SUM;N59524352;W001171152;11735;;;2
732;ES;SUM;STORUMAN;N64571960;E017422970;;;E0055;WGE;ESAA;ESAA;;;00968;SUM;N64571980;E017422800;11630;315;;2
733;ES;SUN;SUNDSVALL;N62314240;E017265540;;;E0040;WGE;ESAA;ESAA;;;00055;SUN;N62314240;E017265540;11310;579;;2
734;ES;SUP;STURUP;N55320430;E013224620;;;E0020;WGE;ESAA;ESAA;;;00249;SUP;N55320430;E013224620;11300;439;;2
735;EP;SUW;SUWALKI;N54041080;E022540091;;;E0038;WGE;EPWW;EPWW;;;00617;SUW;N54041080;E022540091;11770;411;;2
736;EN;SVA;SVENSHEIA;N58050419;E007542991;;;W0018;WGE;ENOR;ENOR;;;00410;SVA;N58050419;E007542991;11210;425;;2
737;ES;SVD;SVEDA;N56100790;E012342560;;;E0015;WGE;ESAA;ESAA;;;00039;SVD;N56100790;E012342560;11620;000;;2
738;EF;SVL;LINNA;N61570965;E028545062;;;E0086;WGE;EFES;EFES;;;00343;SVL;N61570965;E028545062;11790;;;2
739;LE;SVL;SEVILLA;N37254038;W005454395;;;W0037;WGE;LECM;LECM;;;00404;SVL;N37254016;W005454385;11370;;;2
740;LH;SVR;SAGVAR;N46494122;E018070405;;;E0023;WGE;LHCC;LHCC;;;00502;SVR;N46494122;E018070405;11770;000;;1
741;EG;SWB;SWB;N52475281;W002394515;;;W0042;WGE;EGTT;EGTT;;;00269;SWB;N52475281;W002394515;11680;250;;2
748;LI;TAQ;TARQUINIA;N42125420;E011435740;;;E0005;WGE;LIRR;LIRR;;;00076;TAQ;N42125420;E011435740;11180;223;;1
752;LI;TEA;TEANO;N41174836;E013581443;;;E0011;WGE;LIRR;LIRR;;;03301;TEA;N41174836;E013581443;11290;324;;2
753;ES;TEB;TEBBY;N59315406;E018121200;;;E0040;WGE;ESAA;ESAA;;;00197;TEB;N59315406;E018121200;11710;468;;2
754;LI;TES;TESSERA;N45310920;E012220560;;;E0007;WGE;LIMM;LIMM;;;00000;TES;N45310920;E012220560;11530;328;;0
755;EN;TGA;TOLGA;N62274187;E010524375;;;W0006;WGE;ENOR;ENOR;;;03377;TGA;N62274187;E010524375;11740;402;;2
756;LG;TGG;TANAGRA;N38201700;E023332996;;;E0024;;LGGG;LGGG;;;00000;TGG;N38201700;E023332996;11180;000;;1
757;LR;TGJ;TARGU JIU;N45033887;E023200266;;;E0031;WGE;LRBB;LRBB;;;01030;TGJ;N45033887;E023200266;11530;399;;3
758;ED;TGL;BERLIN-TEGEL;N52334139;E013171521;;;E0020;WGE;EDBB;EDBB;;;00118;TGL;N52334139;E013171521;11230;269;;2
761;EG;TIR;TIREE;N56293556;W006523212;;;W0065;WGE;EGPX;EGPX;;;00036;TIR;N56293556;W006523212;11770;342;;2
762;LF;TIS;THIERS;N45525460;E003331290;;;W0010;WGE;LFMM;LFFF;;;02258;TIS;N45525460;E003331290;10900;201;;2
763;EG;TLA;TALLA;N55295700;W003211000;;;W0046;WGE;EGPX;EGPX;;;02786;TLA;N55295700;W003211000;11380;509;;2
764;LR;TLA;TULCEA;N45044328;E028423423;;;E0046;WGE;LRBB;LRBB;;;00381;TLA;N45044328;E028423423;11480;238;;1
765;LE;TLD;TOLEDO;N39581004;W004201489;;;W0035;WGE;LECM;LECM;;;01936;TLD;N39581014;W004201463;11320;235;;2
769;EK;TNO;TRANO;N55462674;E011262108;;;E0010;WGE;EKDK;EKDK;;;-12;TNO;N55462674;E011262108;11740;380;;2
770;EG;TNT;TRENT;N53031400;W001401200;;;W0034;WGE;EGTT;EGTT;;;00968;TNT;N53031400;W001401200;11570;276;;2
771;ED;TOF;BERLIN-TEMPELHOF;N52282316;E013241940;;;E0020;WGE;EDBB;EDBB;;;00199;TOF;N52282316;E013241940;11410;447;;2
772;LI;TOP;TORINO;N44553150;E007514200;;;W0001;WGE;LIMM;LIMM;;;00866;TOP;N44553150;E007514200;11450;294;;2
773;EN;TOR;TORP;N59100880;E010153336;;;E0000;WGE;ENOR;ENOR;;;00269;TOR;N59100880;E010153336;11385;495;;2
774;LF;TOU;TOULOUSE BLAGNAC;N43405100;E001183530;;;W0010;WGE;LFBB;LFFF;;;00574;TOU;N43405100;E001183530;11770;255;;2
775;LY;TPL;TOPOLA;N44083660;E020444000;;;E0025;WGE;LYBA;LYBA;;;01526;TPL;N44083660;E020444000;11680;264;;1
777;LH;TPS;TAPIOSAP;N47293573;E019264640;;;E0026;WGE;LHCC;LHCC;;;00839;TPS;N47293577;E019264579;11590;177;;2
778;LS;TRA;TRASADINGEN;N47412216;E008261315;;;W0002;WGE;LSAS;LSAS;;;01850;TRA;N47412216;E008261315;11430;290;;2
779;LG;TRL;TRIPOLIS;N37241700;E022202700;;;E0021;;LGGG;LGGG;;;03428;TRL;N37241700;E022202700;11620;394;;2
780;EN;TRM;TRONDHEIM;N63313313;E010532427;;;W0007;WGE;ENOR;ENOR;;;01954;TRM;N63313313;E010532427;11250;480;;2
782;EG;TRN;TURNBERRY;N55184800;W004470200;;;W0052;WGE;EGPX;EGPX;;;00600;TRN;N55184800;W004470200;11750;272;;2
783;LA;TRN;TIRANA;N41245805;E019430549;;;E0020;;LAAA;LAAA;;;00144;TRN;N41245805;E019430549;11770;000;;0
784;EN;TRO;TROMSO;N69421004;E018594831;;;E0038;WGE;ENOR;ENOR;;;00545;TRO;N69421004;E018594831;11380;476;;2
788;ES;TRS;TROSA;N58561650;E017300800;;;E0035;WGE;ESAA;ESAA;;;00213;TRS;N58561650;E017300800;11430;561;;2
789;ED;TRT;TRENT;N54303975;E013145611;;;E0020;WGE;EDBB;EDBB;;;00041;TRT;N54303975;E013145611;10845;494;;2
790;EP;TRZ;TREBNI;N51182938;E017065151;;;E0022;WGE;EPWW;EPWW;;;00741;TRZ;N51182938;E017065151;11360;372;;2
792;LG;TSL;THESSALONIKI;N40271842;E022591876;;;E0032;;LGGG;LGGG;;;00800;TSL;N40271842;E022591876;11210;416;;2
795;LO;TUN;TULLN;N48183500;E015585100;;;E0016;WGE;LOVV;LOVV;;;00640;TUN;N48183500;E015585100;11140;178;;1
799;LI;TZO;TREZZO;N45333340;E009302590;;;E0002;WGE;LIMM;LIMM;;;00574;TZO;N45333340;E009302590;11180;000;;1
800;ES;UME;UMEA;N63471900;E020170648;;;E0055;WGE;ESAA;ESAA;;;00033;UME;N63471900;E020170648;11410;468;;2
801;EF;UTT;UTTI;N60535026;E026554608;;;E0075;WGE;EFES;EFES;;;00355;UTT;N60535026;E026554608;11460;442;;2
802;LE;VAB;ALBACETE;N38563770;W002000960;;;W0020;WGE;LECM;LECM;;;02277;VAB;N38563770;W002000960;11580;283;;1
804;LY;VAL;VALJEVO;N44192600;E019522890;;;E0032;WGE;LYBA;LYBA;;;01132;VAL;N44192600;E019522890;11660;335;;1
805;EF;VAS;VAASA;N63022894;E021455355;;;E0050;WGE;EFES;EFES;;;00036;VAS;N63022894;E021455355;11450;500;;2
806;LD;VBA;BARNA;N45445206;E017084822;;;E0010;WGE;LDZO;LDZO;;;00572;VBA;N45445206;E017084822;11740;318;;2
808;LE;VBZ;BADAJOZ;N38532360;W006485670;;;W0041;WGE;LECM;LECM;;;00597;VBZ;N38532360;W006485670;11680;;;1
810;EF;VEH;VEHKAA;N62584717;E027484984;;;E0080;WGE;EFES;EFES;;;00481;VEH;N62584717;E027484984;11300;281;;2
811;EK;VES;VESTA;N55361133;E008175986;;;E0000;WGE;EKDK;EKDK;;;00063;VES;N55361133;E008175986;11660;492;;2
813;LP;VFA;FARO;N37004868;W007583003;;;W0040;WGE;LPPC;LPPC;;;00050;VFA;N37004868;W007583003;11280;359;;2
814;EN;VFL;VARDEFJELL;N65524571;E013182876;;;E0008;WGE;ENOR;ENOR;;;02092;VFL;N65524571;E013182876;11225;472;;2
816;LE;VGO;VIGO;N42191671;W008360589;;;W0050;WGE;LECM;LECM;;;00905;VGO;N42191671;W008360589;11360;400;;0
818;LE;VIA;VILLAFRIA;N42211789;W003364890;;;W0026;WGE;LECM;LECM;;;02970;VIA;N42211806;W003364867;11140;;;2
819;LI;VIC;VICENZA;N45381431;E011403487;;;E0004;WGE;LIMM;LIMM;;;00195;VIC;N45381505;E011403489;11340;000;;2
820;LI;VIE;VIESTE;N41544630;E016025670;;;E0024;WGE;LIBB;LIBB;;;00985;VIE;N41544600;E016025630;11260;330;;2
821;EN;VIG;VIGRA DVOR;N62330745;E006020391;;;W0025;WGE;ENOR;ENOR;;;00285;VIG;N62330745;E006020391;11580;374;;2
822;EF;VIL;VILMAS;N61022059;E028070497;;;E0080;WGE;EFES;EFES;;;00363;VIL;N61021976;E028070082;11250;504;;2
824;LP;VIS;VISEU;N40432433;W007530905;;;W0045;WGE;LPPC;LPPC;;;02109;VIS;N40432433;W007530905;11310;;;2
825;LO;VIW;VILLACH;N46414701;E013545272;;;E0014;WGE;LOVV;LOVV;;;06285;VIW;N46414701;E013545272;11290;324;;2
826;LE;VJF;VEJER DE LA FRONTERA;N36144986;W005581874;;;W0037;WGE;LECM;LECM;;;00712;VJF;N36144986;W005581874;11780;000;;2
827;LE;VJZ;MADRID-TORREJON;N40335071;W003213720;;;W0031;WGE;LECM;LECM;;;02380;VJZ;N40335071;W003213720;11510;279;;0
829;LE;VLC;VALENCIA;N39290833;W000285896;;;W0020;WGE;LECB;LECB;;;00200;VLC;N39290853;W000285900;11610;521;;2
830;LK;VLM;VLASIM;N49421538;E015040027;;;E0016;WGE;LKAA;LKAA;;;01476;VLM;N49421538;E015040027;11430;290;;2
834;LI;VOG;VOGHERA;N44575200;E008581280;;;E0009;WGE;LIMM;LIMM;;;00388;VOG;N44575200;E008581280;11550;350;;2
835;EN;VOO;VOLLO;N60325615;E005074365;;;W0028;WGE;ENOR;ENOR;;;01050;VOO;N60325615;E005074365;11485;506;;2
836;LK;VOZ;VOZICE;N49315638;E014522879;;;E0014;WGE;LKAA;LKAA;;;02200;VOZ;N49315638;E014522879;11630;380;;2
837;LE;VRA;VITORIA;N42435478;W002515610;;;W0031;WGE;LECM;LECM;;;01903;VRA;N42435478;W002515610;11660;432;;0
838;EN;VRD;VARDO;N70212752;E031025005;;;E0117;WGE;ENOR;ENOR;;;00060;VRD;N70212752;E031025005;11410;466;;2
839;ES;VSB;VISBY;N57393418;E018204842;;;E0028;WGE;ESAA;ESAA;;;00154;VSB;N57393418;E018204842;11510;381;;2
840;LE;VSJ;MURCIA;N37464720;W000484600;;;W0030;WGE;LECB;LECB;;;00000;VSJ;N37464720;W000484600;11300;233;;2
841;LP;VSM;SANTA MARIA;N36574646;W025095901;;;W0109;WGE;LPPO;LPPO;;;00024;VSM;N36574646;W025095901;11370;;;3
842;ES;VSN;VASSEN;N58181118;E015423512;;;E0035;WGE;ESAA;ESAA;;;00423;VSN;N58181118;E015423512;11525;411;;1
843;LE;VTB;VILLATOBAS;N39465074;W003275046;;;W0026;WGE;LECM;LECM;;;02333;VTB;N39465057;W003275106;11270;000;;1
844;EF;VTI;VIHTI;N60273330;E024143865;;;E0057;WGE;EFES;EFES;;;00203;VTI;N60273330;E024143865;11700;439;;2
847;EG;WAL;WALLASEY;N53233100;W003080400;;;W0041;WGE;EGTT;EGTT;;;00055;WAL;N53233100;W003080400;11410;386;;2
848;EP;WAR;ZABOROWEK;N52153291;E020392555;;;E0040;WGE;EPWW;EPWW;;;00295;WAR;N52153291;E020392555;11490;337;;2
850;LO;WGM;WAGRAM;N48192610;E016292691;;;E0017;WGE;LOVV;LOVV;;;00574;WGM;N48192610;E016292691;11220;313;;2
851;EG;WIK;WICK;N58273174;W003060134;;;W0053;WGE;EGPX;EGPX;;;00110;WIK;N58273174;W003060134;11360;397;;2
852;LS;WIL;WILLISAU;N47104188;E007542130;;;W0000;WGE;LSAS;LSAS;;;02417;WIL;N47104188;E007542130;11690;324;;1
854;ED;WLD;WALDA;N48344591;E011074579;;;E0010;WGE;EDMM;EDUU;;;01396;WLD;N48344591;E011074579;11280;243;;2
857;ED;WRB;WARBURG;N51302051;E009063929;;;W0000;WGE;EDLL;EDVV;;;00838;WRB;N51302051;E009063929;11370;352;;2
858;LB;WRN;VARNA;N43135168;E027490177;;;E0040;;LBWR;LBWR;;;00197;WRN;N43135168;E027490177;11240;438;;2
866;LE;YES;YESTE;N38213880;W002210991;;;W0025;WGE;LECM;LECM;;;04783;YES;N38213873;W002211019;11520;;;2
867;LG;YNN;IOANNINA;N39420453;E020491242;;;E0020;;LGGG;LGGG;;;01568;YNN;N39420453;E020491242;10860;000;;0
869;LD;ZAG;ZAGREB;N45534401;E016182411;;;E0017;WGE;LDZO;LDZO;;;00420;ZAG;N45534401;E016182411;11370;306;;2
870;LG;ZAK;ZAKINTHOS;N37444500;E020530500;;;E0019;;LGGG;LGGG;;;00026;ZAK;N37444500;E020530500;11080;000;;0
872;LD;ZDA;ZADAR;N44054314;E015215114;;;E0016;WGE;LDZO;LDZO;;;00278;ZDA;N44054314;E015215114;10860;283;;2
873;LE;ZMR;ZAMORA;N41314864;W005382282;;;W0040;WGE;LECM;LECM;;;02110;ZMR;N41314867;W005382315;11710;579;;2
875;EN;ZOL;SOLA;N58523021;E005382455;;;W0027;WGE;ENOR;ENOR;;;00056;ZOL;N58523021;E005382455;11685;;;2
876;LS;ZUE;ZURICH EAST;N47353182;E008490355;;;W0001;WGE;LSAS;LSAS;;;01730;ZUE;N47353182;E008490355;11005;311;;2
877;ED;ZWN;ZWEIBRUCKEN;N49134466;E007250441;;;E0000;WGE;EDFF;EDUU;;;01177;ZWN;N49134466;E007250441;11480;000;;2
878;LE;ZZA;ZARAGOZA;N41392841;W001015111;;;W0030;WGE;LECM;LECM;;;00876;ZZA;N41392827;W001015074;11300;233;;1
